<application>
  <component name="ProjectManager">
    <defaultProject>
      <component name="AutoImportSettings">
        <option name="autoReloadType" value="SELECTIVE" />
      </component>
      <component name="MavenImportPreferences">
        <option name="generalSettings">
          <MavenGeneralSettings>
            <option name="localRepository" value="$USER_HOME$/Workspace/03-mvn/jdk11_mvn_rps" />
            <option name="mavenHome" value="$USER_HOME$/Installation&amp;Soft/01-it/apache-maven-3.8.8" />
            <option name="userSettingsFile" value="$USER_HOME$/Installation&amp;Soft/01-it/apache-maven-3.8.8/conf/settings.xml" />
          </MavenGeneralSettings>
        </option>
      </component>
      <component name="PropertiesComponent"><![CDATA[{
  "keyToString": {
    "settings.editor.selected.configurable": "MavenSettings"
  }
}]]></component>
      <component name="WindowStateProjectService">
        <state x="139" y="31" key="SettingsEditor" timestamp="1698479099271">
          <screen x="0" y="31" width="1280" height="734" />
        </state>
        <state x="139" y="31" key="SettingsEditor/0.31.1280.734" timestamp="1698479099271" />
      </component>
    </defaultProject>
  </component>
</application>